{
  "version": "1.1",
  "gridBounds": {
    "min": [
      -21.800000000000004,
      -22.8,
      -38.800000000000004
    ],
    "max": [
      37,
      29.400000000000002,
      42.4
    ]
  },
  "sceneBounds": {
    "min": [
      -37.69173689624103,
      -51.40952584153281,
      -72.34278456838456
    ],
    "max": [
      83.9995577698214,
      58.67172738983277,
      65.92040511461695
    ]
  },
  "voxelResolution": 0.05,
  "leafSize": 4,
  "treeDepth": 9,
  "numInteriorNodes": 362592,
  "numMixedLeaves": 970255,
  "nodeCount": 2048537,
  "leafDataCount": 1940510
}